<?xml version="1.0" encoding="utf-8"?>
<extension version="2.5" type="plugin" group="authentication">
	<name>plg_authentication_joomla</name>
	<author>Joomla! Project</author>
	<creationDate>November 2005</creationDate>
	<copyright>Copyright (C) 2005 - 2014 Open Source Matters. All rights reserved.</copyright>
	<license>GNU General Public License version 2 or later; see LICENSE.txt</license>
	<authorEmail>admin@joomla.org</authorEmail>
	<authorUrl>www.joomla.org</authorUrl>
	<version>2.5.0</version>
	<description>PLG_AUTH_JOOMLA_XML_DESCRIPTION</description>
	<files>
		<filename plugin="joomla">joomla.php</filename>
		<filename>index.html</filename>
	</files>
	<languages>
		<language tag="en-GB">en-GB.plg_authentication_joomla.ini</language>
		<language tag="en-GB">en-GB.plg_authentication_joomla.sys.ini</language>
	</languages>
</extension>
