<?xml version="1.0" encoding="utf-8"?>
<extension version="2.5" type="plugin" group="authentication">
	<name>plg_authentication_gmail</name>
	<author>Joomla! Project</author>
	<creationDate>February 2006</creationDate>
	<copyright>Copyright (C) 2005 - 2014 Open Source Matters. All rights reserved.</copyright>
	<license>GNU General Public License version 2 or later; see LICENSE.txt</license>
	<authorEmail>admin@joomla.org</authorEmail>
	<authorUrl>www.joomla.org</authorUrl>
	<version>2.5.0</version>
	<description>PLG_GMAIL_XML_DESCRIPTION</description>
	<files>
		<filename plugin="gmail">gmail.php</filename>
		<filename>index.html</filename>
	</files>
	<languages>
		<language tag="en-GB">en-GB.plg_authentication_gmail.ini</language>
		<language tag="en-GB">en-GB.plg_authentication_gmail.sys.ini</language>
	</languages>
	<config>
		<fields name="params">

			<fieldset name="basic">
				<field name="applysuffix" type="list"
					default="0"
					description="PLG_GMAIL_FIELD_APPLYSUFFIX_DESC"
					label="PLG_GMAIL_FIELD_APPLYSUFFIX_LABEL"
				>
					<option value="0">PLG_GMAIL_FIELD_VALUE_NOAPPLYSUFFIX</option>
					<option value="1">PLG_GMAIL_FIELD_VALUE_APPLYSUFFIXMISSING</option>
					<option value="2">PLG_GMAIL_FIELD_VALUE_APPLYSUFFIXALWAYS</option>
				</field>

				<field name="suffix" type="text"
					description="PLG_GMAIL_FIELD_SUFFIX_DESC"
					label="PLG_GMAIL_FIELD_SUFFIX_LABEL"
					size="20"
				/>

				<field name="verifypeer" type="radio"
					default="1"
					description="PLG_GMAIL_FIELD_VERIFYPEER_DESC"
					label="PLG_GMAIL_FIELD_VERIFYPEER_LABEL"
				>
					<option value="0">JNo</option>
					<option value="1">JYes</option>
				</field>

				<field name="user_blacklist" type="text"
					description="PLG_GMAIL_FIELD_USER_BLACKLIST_DESC"
					label="PLG_GMAIL_FIELD_USER_BLACKLIST_LABEL"
					size="20"
				/>
				<field name="backendLogin" type="radio"
					default="0"
					description="PLG_GMAIL_FIELD_BACKEND_LOGIN_DESC"
					label="PLG_GMAIL_FIELD_BACKEND_LOGIN_LABEL"
					>
						<option value="1">JENABLED</option>
						<option value="0">JDISABLED</option>
				</field>
			</fieldset>

		</fields>
	</config>
</extension>
